image,label
images/cell1531.png,1.0
images/cell1983.png,0.0
images/cell0469.png,1.0
images/cell1679.png,1.0
images/cell1114.png,0.0
images/cell2570.png,1.0
images/cell2562.png,0.0
images/cell2621.png,0.0
images/cell2272.png,0.0
images/cell0762.png,1.0
images/cell1477.png,1.0
images/cell0811.png,0.0
images/cell0926.png,0.0
images/cell1914.png,1.0
images/cell1836.png,1.0
images/cell0652.png,1.0
images/cell1156.png,0.0
images/cell2110.png,0.0
images/cell0453.png,1.0
images/cell1869.png,0.0
images/cell0027.png,1.0
images/cell0282.png,0.0
images/cell1611.png,0.0
images/cell0295.png,1.0
images/cell0871.png,1.0
images/cell0122.png,0.0
images/cell1629.png,1.0
images/cell2352.png,0.0
images/cell0023.png,1.0
images/cell0019.png,1.0
images/cell1516.png,0.0
images/cell1209.png,1.0
images/cell0048.png,1.0
images/cell2012.png,1.0
images/cell0384.png,1.0
images/cell0118.png,0.0
images/cell0925.png,0.0
images/cell2014.png,1.0
images/cell1137.png,0.0
images/cell0161.png,1.0
images/cell1546.png,0.0
images/cell0179.png,0.0
images/cell1673.png,1.0
images/cell2259.png,0.0
images/cell0882.png,1.0
images/cell1153.png,0.0
images/cell2197.png,1.0
images/cell1028.png,1.0
images/cell0018.png,1.0
images/cell2487.png,0.0
images/cell2526.png,1.0
images/cell1206.png,0.0
images/cell0845.png,0.0
images/cell2210.png,0.0
images/cell0668.png,1.0
images/cell1815.png,0.0
images/cell0474.png,1.0
images/cell0331.png,0.0
images/cell1702.png,0.0
images/cell0815.png,0.0
images/cell0688.png,0.0
images/cell2448.png,0.0
images/cell1604.png,0.0
images/cell2070.png,1.0
images/cell2492.png,0.0
images/cell2282.png,0.0
images/cell1919.png,1.0
images/cell1622.png,1.0
images/cell0049.png,1.0
images/cell2360.png,0.0
images/cell1498.png,0.0
images/cell1423.png,1.0
images/cell0848.png,0.0
images/cell1253.png,0.0
images/cell0226.png,0.0
images/cell0969.png,0.0
images/cell0903.png,0.0
images/cell0351.png,1.0
images/cell0873.png,1.0
images/cell2033.png,0.0
images/cell0595.png,1.0
images/cell2114.png,0.0
images/cell1592.png,0.0
images/cell0792.png,1.0
images/cell2301.png,0.0
images/cell2256.png,0.0
images/cell0464.png,1.0
images/cell1362.png,0.0
images/cell1283.png,1.0
images/cell0218.png,1.0
images/cell0114.png,0.0
images/cell1198.png,0.0
images/cell1962.png,1.0
images/cell0721.png,0.0
images/cell0711.png,1.0
images/cell0532.png,0.0
images/cell2583.png,1.0
images/cell2001.png,0.0
images/cell2295.png,1.0
images/cell1820.png,1.0
images/cell1705.png,0.0
images/cell0434.png,1.0
images/cell1116.png,0.0
images/cell0729.png,0.0
images/cell1561.png,0.0
images/cell2545.png,0.0
images/cell1564.png,0.0
images/cell0563.png,0.0
images/cell0244.png,1.0
images/cell2502.png,0.0
images/cell1762.png,0.0
images/cell0212.png,1.0
images/cell1178.png,0.0
images/cell2220.png,0.0
images/cell1640.png,0.0
images/cell2334.png,1.0
images/cell1102.png,0.0
images/cell0420.png,1.0
images/cell0365.png,1.0
images/cell0809.png,0.0
images/cell0615.png,1.0
images/cell2471.png,0.0
images/cell0158.png,1.0
images/cell2424.png,0.0
images/cell1119.png,0.0
images/cell0247.png,1.0
images/cell2341.png,0.0
images/cell1906.png,1.0
images/cell1576.png,0.0
images/cell1510.png,0.0
images/cell1099.png,1.0
images/cell2384.png,0.0
images/cell0731.png,1.0
images/cell0137.png,0.0
images/cell2205.png,1.0
images/cell0044.png,1.0
images/cell0814.png,0.0
images/cell2298.png,0.0
images/cell1971.png,0.0
images/cell1012.png,0.0
images/cell2501.png,0.0
images/cell0544.png,0.0
images/cell2598.png,0.0
images/cell0677.png,1.0
images/cell0119.png,0.0
images/cell0784.png,0.0
images/cell2423.png,0.0
images/cell0538.png,0.0
images/cell2450.png,0.0
images/cell2170.png,0.0
images/cell0666.png,1.0
images/cell1920.png,1.0
images/cell1655.png,1.0
images/cell0530.png,1.0
images/cell1235.png,0.0
images/cell1654.png,1.0
images/cell0488.png,1.0
images/cell0251.png,1.0
images/cell2021.png,1.0
images/cell1761.png,1.0
images/cell1217.png,0.0
images/cell1786.png,0.0
images/cell1280.png,1.0
images/cell2586.png,0.0
images/cell0715.png,1.0
images/cell1633.png,1.0
images/cell1336.png,0.0
images/cell0997.png,0.0
images/cell0046.png,1.0
images/cell0407.png,1.0
images/cell0315.png,0.0
images/cell2593.png,0.0
images/cell0325.png,1.0
images/cell0575.png,0.0
images/cell1994.png,0.0
images/cell1275.png,0.0
images/cell1668.png,1.0
images/cell2249.png,0.0
images/cell1770.png,0.0
images/cell1452.png,1.0
images/cell1189.png,1.0
images/cell2495.png,0.0
images/cell0623.png,0.0
images/cell1780.png,0.0
images/cell0169.png,1.0
images/cell0751.png,0.0
images/cell0840.png,0.0
images/cell2276.png,0.0
images/cell0154.png,0.0
images/cell2011.png,0.0
images/cell2071.png,1.0
images/cell1394.png,1.0
images/cell0598.png,0.0
images/cell2037.png,0.0
images/cell2519.png,0.0
images/cell0051.png,1.0
images/cell0324.png,1.0
images/cell2410.png,1.0
images/cell0290.png,1.0
images/cell0014.png,1.0
images/cell1321.png,0.0
images/cell0036.png,1.0
images/cell2027.png,0.0
images/cell1969.png,0.0
images/cell1483.png,1.0
images/cell1560.png,0.0
images/cell1795.png,0.0
images/cell1946.png,0.0
images/cell1809.png,1.0
images/cell2034.png,1.0
images/cell2592.png,0.0
images/cell0576.png,1.0
images/cell2131.png,1.0
images/cell1300.png,1.0
images/cell1097.png,1.0
images/cell0775.png,0.0
images/cell2053.png,1.0
images/cell2087.png,0.0
images/cell1462.png,0.0
images/cell0566.png,0.0
images/cell1295.png,1.0
images/cell2307.png,0.0
images/cell1302.png,1.0
images/cell0616.png,1.0
images/cell0799.png,1.0
images/cell0664.png,0.0
images/cell2533.png,0.0
images/cell2311.png,0.0
images/cell1769.png,0.0
images/cell2484.png,1.0
images/cell0697.png,0.0
images/cell0924.png,0.0
images/cell1440.png,1.0
images/cell1558.png,0.0
images/cell1100.png,1.0
images/cell0682.png,1.0
images/cell2514.png,0.0
images/cell1695.png,0.0
images/cell2427.png,1.0
images/cell2215.png,0.0
images/cell1390.png,1.0
images/cell2228.png,0.0
images/cell1260.png,0.0
images/cell1418.png,1.0
images/cell1162.png,1.0
images/cell1291.png,0.0
images/cell0910.png,0.0
images/cell2293.png,0.0
images/cell1005.png,0.0
images/cell1203.png,0.0
images/cell2273.png,0.0
images/cell0330.png,0.0
images/cell0592.png,1.0
images/cell0409.png,1.0
images/cell2361.png,0.0
images/cell2353.png,0.0
images/cell1880.png,0.0
images/cell0893.png,1.0
images/cell0519.png,0.0
images/cell0422.png,1.0
images/cell2462.png,0.0
images/cell0745.png,0.0
images/cell0447.png,0.0
images/cell0852.png,1.0
images/cell0855.png,1.0
images/cell2482.png,0.0
images/cell1313.png,0.0
images/cell0653.png,0.0
images/cell0275.png,1.0
images/cell0391.png,1.0
images/cell1301.png,1.0
images/cell0270.png,1.0
images/cell2558.png,0.0
images/cell0857.png,1.0
images/cell0756.png,0.0
images/cell0215.png,1.0
images/cell0401.png,1.0
images/cell1228.png,0.0
images/cell2479.png,0.0
images/cell0947.png,0.0
images/cell0269.png,0.0
images/cell2594.png,1.0
images/cell1041.png,1.0
images/cell2584.png,1.0
images/cell1683.png,0.0
images/cell1218.png,0.0
images/cell1016.png,0.0
images/cell1164.png,0.0
images/cell1386.png,1.0
images/cell1213.png,0.0
images/cell1460.png,0.0
images/cell1212.png,0.0
images/cell1610.png,0.0
images/cell1367.png,1.0
images/cell1567.png,1.0
images/cell1450.png,1.0
images/cell1115.png,0.0
images/cell0230.png,0.0
images/cell2174.png,0.0
images/cell1346.png,1.0
images/cell1378.png,1.0
images/cell2445.png,0.0
images/cell1287.png,0.0
images/cell0139.png,0.0
images/cell0518.png,0.0
images/cell1428.png,1.0
images/cell0322.png,1.0
images/cell2498.png,0.0
images/cell2279.png,0.0
images/cell0550.png,0.0
images/cell1502.png,1.0
images/cell1124.png,1.0
images/cell0454.png,1.0
images/cell1636.png,0.0
images/cell2208.png,0.0
images/cell2236.png,0.0
images/cell2257.png,0.0
images/cell1201.png,0.0
images/cell0789.png,0.0
images/cell1886.png,0.0
images/cell0955.png,0.0
images/cell2337.png,0.0
images/cell1087.png,1.0
images/cell1535.png,0.0
images/cell2489.png,0.0
images/cell1120.png,0.0
images/cell0100.png,0.0
images/cell1627.png,1.0
images/cell2620.png,0.0
images/cell1117.png,0.0
images/cell2129.png,0.0
images/cell1239.png,0.0
images/cell1619.png,0.0
images/cell2390.png,0.0
images/cell1261.png,0.0
images/cell2161.png,0.0
images/cell1993.png,1.0
images/cell1091.png,0.0
images/cell2277.png,1.0
images/cell0696.png,1.0
images/cell0968.png,0.0
images/cell2032.png,0.0
images/cell1139.png,0.0
images/cell2079.png,0.0
images/cell0612.png,1.0
images/cell2394.png,0.0
images/cell1675.png,1.0
images/cell1311.png,0.0
images/cell1573.png,0.0
images/cell0299.png,1.0
images/cell0468.png,1.0
images/cell1873.png,0.0
images/cell1194.png,0.0
images/cell1420.png,1.0
images/cell0570.png,0.0
images/cell0397.png,0.0
images/cell1765.png,0.0
images/cell1692.png,0.0
images/cell1085.png,1.0
images/cell2028.png,0.0
images/cell2226.png,0.0
images/cell2546.png,1.0
images/cell0066.png,0.0
images/cell0426.png,1.0
images/cell0059.png,1.0
images/cell0580.png,0.0
images/cell0828.png,0.0
images/cell1451.png,1.0
images/cell0339.png,0.0
images/cell1061.png,1.0
images/cell1898.png,0.0
images/cell2576.png,1.0
images/cell0380.png,1.0
images/cell0597.png,1.0
images/cell2221.png,0.0
images/cell2058.png,0.0
images/cell0644.png,1.0
images/cell0303.png,1.0
images/cell0057.png,1.0
images/cell0155.png,1.0
images/cell0175.png,0.0
images/cell0992.png,0.0
images/cell1612.png,0.0
images/cell1365.png,1.0
images/cell0770.png,0.0
images/cell0723.png,0.0
images/cell0062.png,0.0
images/cell2072.png,1.0
images/cell1931.png,0.0
images/cell2101.png,0.0
images/cell2047.png,0.0
images/cell1752.png,1.0
images/cell2494.png,0.0
images/cell0802.png,1.0
images/cell0922.png,0.0
images/cell0310.png,0.0
images/cell0698.png,0.0
images/cell1276.png,0.0
images/cell2603.png,0.0
images/cell1998.png,0.0
images/cell1857.png,0.0
images/cell1926.png,0.0
images/cell0990.png,0.0
images/cell0620.png,1.0
images/cell2323.png,1.0
images/cell1363.png,0.0
images/cell0769.png,0.0
images/cell1399.png,1.0
images/cell1925.png,0.0
images/cell0423.png,0.0
images/cell2234.png,0.0
images/cell1309.png,0.0
images/cell2145.png,0.0
images/cell2016.png,0.0
images/cell2024.png,1.0
images/cell1128.png,1.0
images/cell1747.png,0.0
images/cell0648.png,0.0
images/cell1982.png,1.0
images/cell0318.png,0.0
images/cell0702.png,1.0
images/cell1803.png,1.0
images/cell1055.png,1.0
images/cell2147.png,0.0
images/cell1942.png,1.0
images/cell0042.png,1.0
images/cell1989.png,1.0
images/cell0197.png,1.0
images/cell2431.png,1.0
images/cell1653.png,1.0
images/cell1724.png,0.0
images/cell0231.png,1.0
images/cell1590.png,0.0
images/cell2049.png,0.0
images/cell2128.png,0.0
images/cell0884.png,1.0
images/cell0107.png,0.0
images/cell1814.png,1.0
images/cell0135.png,0.0
images/cell0164.png,1.0
images/cell0239.png,0.0
images/cell1256.png,0.0
images/cell1050.png,1.0
images/cell2511.png,0.0
images/cell1896.png,1.0
images/cell0552.png,0.0
images/cell1279.png,1.0
images/cell0534.png,1.0
images/cell1985.png,0.0
images/cell1950.png,1.0
images/cell1686.png,0.0
images/cell1858.png,0.0
images/cell0908.png,0.0
images/cell0341.png,0.0
images/cell0069.png,0.0
images/cell2441.png,0.0
images/cell2177.png,0.0
images/cell1726.png,0.0
images/cell1771.png,1.0
images/cell0695.png,1.0
images/cell1489.png,1.0
images/cell0883.png,1.0
images/cell0986.png,0.0
images/cell2539.png,0.0
images/cell1827.png,0.0
images/cell2207.png,1.0
images/cell2478.png,0.0
images/cell0001.png,1.0
images/cell2195.png,0.0
images/cell1843.png,1.0
images/cell2030.png,0.0
images/cell1756.png,0.0
images/cell0372.png,1.0
images/cell1387.png,1.0
images/cell0052.png,1.0
images/cell2429.png,0.0
images/cell0010.png,1.0
images/cell0430.png,1.0
images/cell0743.png,1.0
images/cell0535.png,1.0
images/cell2596.png,1.0
images/cell0363.png,1.0
images/cell1381.png,1.0
images/cell2504.png,0.0
images/cell1400.png,0.0
images/cell2354.png,0.0
images/cell1826.png,0.0
images/cell0821.png,1.0
images/cell1641.png,0.0
images/cell1760.png,0.0
images/cell1860.png,0.0
images/cell1520.png,0.0
images/cell2344.png,0.0
images/cell0111.png,0.0
images/cell2622.png,0.0
images/cell2499.png,0.0
images/cell0492.png,1.0
images/cell0294.png,1.0
images/cell2490.png,0.0
images/cell2100.png,0.0
images/cell2513.png,0.0
images/cell1175.png,1.0
images/cell1419.png,1.0
images/cell1783.png,0.0
images/cell0340.png,0.0
images/cell2137.png,1.0
images/cell1421.png,1.0
images/cell0347.png,1.0
images/cell1105.png,0.0
images/cell1456.png,1.0
images/cell0991.png,0.0
images/cell1671.png,1.0
images/cell1782.png,0.0
images/cell1689.png,0.0
images/cell1414.png,1.0
images/cell1828.png,0.0
images/cell1033.png,1.0
images/cell0101.png,0.0
images/cell1945.png,0.0
images/cell1676.png,0.0
images/cell1446.png,0.0
images/cell1626.png,1.0
images/cell1364.png,0.0
images/cell0710.png,1.0
images/cell0906.png,0.0
images/cell2565.png,1.0
images/cell0742.png,1.0
images/cell1470.png,0.0
images/cell0810.png,0.0
images/cell1068.png,0.0
images/cell0642.png,1.0
images/cell1329.png,1.0
images/cell0649.png,0.0
images/cell0383.png,1.0
images/cell0713.png,1.0
images/cell2222.png,0.0
images/cell0663.png,1.0
images/cell2500.png,0.0
images/cell0191.png,1.0
images/cell0965.png,0.0
images/cell2329.png,1.0
images/cell2203.png,0.0
images/cell0603.png,1.0
images/cell0072.png,0.0
images/cell1882.png,0.0
images/cell0952.png,0.0
images/cell1719.png,0.0
images/cell1911.png,0.0
images/cell2242.png,0.0
images/cell1981.png,0.0
images/cell0195.png,0.0
images/cell2035.png,0.0
images/cell2451.png,0.0
images/cell2473.png,0.0
images/cell0639.png,1.0
images/cell1787.png,0.0
images/cell2420.png,0.0
images/cell0730.png,0.0
images/cell2264.png,0.0
images/cell1444.png,0.0
images/cell2218.png,0.0
images/cell2547.png,1.0
images/cell1935.png,1.0
images/cell0999.png,0.0
images/cell1224.png,1.0
images/cell0102.png,0.0
images/cell2385.png,0.0
images/cell0346.png,1.0
images/cell0194.png,1.0
images/cell1723.png,0.0
images/cell0180.png,1.0
images/cell0450.png,1.0
images/cell2464.png,0.0
images/cell1493.png,0.0
images/cell1327.png,1.0
images/cell0937.png,0.0
images/cell0073.png,1.0
images/cell2171.png,0.0
images/cell1789.png,0.0
images/cell1737.png,0.0
images/cell0031.png,1.0
images/cell0030.png,1.0
images/cell1821.png,1.0
images/cell2517.png,1.0
images/cell0389.png,1.0
images/cell0835.png,1.0
images/cell1299.png,1.0
images/cell0675.png,1.0
images/cell1730.png,1.0
images/cell0727.png,0.0
images/cell0851.png,1.0
images/cell0221.png,1.0
images/cell2201.png,0.0
images/cell2326.png,1.0
images/cell1990.png,0.0
images/cell1944.png,0.0
images/cell0740.png,1.0
images/cell1469.png,0.0
images/cell1053.png,1.0
images/cell1838.png,1.0
images/cell1393.png,1.0
images/cell1556.png,0.0
images/cell1832.png,0.0
images/cell0067.png,0.0
images/cell0942.png,0.0
images/cell0402.png,1.0
images/cell2158.png,0.0
images/cell2244.png,0.0
images/cell1368.png,1.0
images/cell0918.png,0.0
images/cell2512.png,0.0
images/cell0435.png,1.0
images/cell1605.png,0.0
images/cell2397.png,1.0
images/cell0360.png,0.0
images/cell0366.png,1.0
images/cell0868.png,1.0
images/cell1722.png,0.0
images/cell1262.png,0.0
images/cell0905.png,0.0
images/cell1587.png,0.0
images/cell0985.png,0.0
images/cell1972.png,0.0
images/cell0022.png,1.0
images/cell0089.png,1.0
images/cell1988.png,0.0
images/cell1216.png,0.0
images/cell1467.png,0.0
images/cell1282.png,1.0
images/cell2166.png,1.0
images/cell0109.png,0.0
images/cell1968.png,0.0
images/cell1352.png,0.0
images/cell0989.png,0.0
images/cell1422.png,1.0
images/cell0086.png,0.0
images/cell1150.png,0.0
images/cell1644.png,0.0
images/cell0487.png,1.0
images/cell0953.png,0.0
images/cell0899.png,1.0
images/cell0948.png,0.0
images/cell2507.png,0.0
images/cell0572.png,0.0
images/cell1037.png,0.0
images/cell1174.png,1.0
images/cell0783.png,1.0
images/cell1242.png,1.0
images/cell1854.png,1.0
images/cell0427.png,1.0
images/cell0446.png,1.0
images/cell2167.png,0.0
images/cell0436.png,1.0
images/cell1173.png,1.0
images/cell1742.png,0.0
images/cell0465.png,0.0
images/cell1594.png,0.0
images/cell0897.png,1.0
images/cell0626.png,1.0
images/cell0298.png,1.0
images/cell0223.png,1.0
images/cell2550.png,0.0
images/cell0493.png,1.0
images/cell1379.png,1.0
images/cell1310.png,0.0
images/cell0793.png,1.0
images/cell1123.png,1.0
images/cell0889.png,1.0
images/cell0549.png,0.0
images/cell2391.png,0.0
images/cell1157.png,0.0
images/cell0771.png,0.0
images/cell1899.png,1.0
images/cell0801.png,0.0
images/cell1188.png,1.0
images/cell0232.png,1.0
images/cell0514.png,1.0
images/cell1356.png,0.0
images/cell1663.png,0.0
images/cell1482.png,0.0
images/cell0796.png,1.0
images/cell1284.png,1.0
images/cell0013.png,1.0
images/cell1039.png,0.0
images/cell1006.png,0.0
images/cell1609.png,0.0
images/cell0183.png,1.0
images/cell0555.png,1.0
images/cell1807.png,1.0
images/cell1775.png,0.0
images/cell0112.png,1.0
images/cell1344.png,0.0
images/cell0876.png,1.0
images/cell0156.png,0.0
images/cell1255.png,0.0
images/cell2379.png,0.0
images/cell1511.png,0.0
images/cell0714.png,1.0
images/cell1772.png,0.0
images/cell1868.png,0.0
images/cell2252.png,0.0
images/cell1696.png,0.0
images/cell0732.png,1.0
images/cell1121.png,1.0
images/cell1525.png,0.0
images/cell0864.png,1.0
images/cell0152.png,0.0
images/cell1020.png,0.0
images/cell1160.png,1.0
images/cell1398.png,1.0
images/cell2189.png,0.0
images/cell0313.png,0.0
images/cell1699.png,0.0
images/cell0613.png,1.0
images/cell2327.png,1.0
images/cell1825.png,0.0
images/cell1227.png,0.0
images/cell1411.png,1.0
images/cell1461.png,1.0
images/cell1129.png,0.0
images/cell1403.png,1.0
images/cell0777.png,1.0
images/cell2261.png,0.0
images/cell1507.png,0.0
images/cell0511.png,1.0
images/cell0849.png,0.0
images/cell2444.png,0.0
images/cell0888.png,1.0
images/cell0246.png,1.0
images/cell2169.png,0.0
images/cell1923.png,1.0
images/cell2119.png,0.0
images/cell1448.png,1.0
images/cell0520.png,1.0
images/cell2243.png,0.0
images/cell1959.png,1.0
images/cell1459.png,0.0
images/cell0667.png,1.0
images/cell0681.png,0.0
images/cell0633.png,0.0
images/cell1528.png,0.0
images/cell0856.png,1.0
images/cell2585.png,1.0
images/cell0724.png,0.0
images/cell1312.png,0.0
images/cell0736.png,0.0
images/cell1656.png,0.0
images/cell0928.png,0.0
images/cell0973.png,0.0
images/cell1143.png,1.0
images/cell1715.png,0.0
images/cell1110.png,0.0
images/cell0208.png,1.0
images/cell1130.png,1.0
images/cell2535.png,0.0
images/cell0016.png,1.0
images/cell2006.png,0.0
images/cell1829.png,0.0
images/cell0037.png,1.0
images/cell2324.png,1.0
images/cell1492.png,1.0
images/cell0788.png,1.0
images/cell0258.png,1.0
images/cell2368.png,0.0
images/cell2553.png,0.0
images/cell0219.png,1.0
images/cell1764.png,0.0
images/cell0859.png,1.0
images/cell1145.png,0.0
images/cell2366.png,0.0
images/cell1281.png,1.0
images/cell0099.png,0.0
images/cell1021.png,0.0
images/cell0755.png,0.0
images/cell1796.png,0.0
images/cell1956.png,1.0
images/cell1613.png,0.0
images/cell0467.png,1.0
images/cell0352.png,0.0
images/cell1472.png,0.0
images/cell1126.png,0.0
images/cell1980.png,0.0
images/cell1851.png,0.0
images/cell1058.png,0.0
images/cell1703.png,0.0
images/cell0853.png,1.0
images/cell2563.png,0.0
images/cell0364.png,1.0
images/cell2590.png,0.0
images/cell0403.png,1.0
images/cell0737.png,0.0
images/cell2314.png,0.0
images/cell2458.png,0.0
images/cell0767.png,0.0
images/cell1072.png,0.0
images/cell1273.png,0.0
images/cell0050.png,1.0
images/cell1434.png,1.0
images/cell0480.png,0.0
images/cell2202.png,1.0
images/cell0485.png,1.0
images/cell2308.png,0.0
images/cell0262.png,0.0
images/cell0636.png,1.0
images/cell1252.png,0.0
images/cell1909.png,0.0
images/cell1497.png,0.0
images/cell2375.png,0.0
images/cell0162.png,1.0
images/cell2605.png,1.0
images/cell1191.png,0.0
images/cell0133.png,0.0
images/cell0545.png,0.0
images/cell0264.png,1.0
images/cell0441.png,1.0
images/cell0245.png,1.0
images/cell0659.png,0.0
images/cell1285.png,0.0
images/cell0725.png,0.0
images/cell2616.png,1.0
images/cell1069.png,1.0
images/cell1358.png,0.0
images/cell0816.png,1.0
images/cell0362.png,1.0
images/cell2219.png,0.0
images/cell0266.png,1.0
images/cell2506.png,0.0
images/cell1107.png,0.0
images/cell0327.png,0.0
images/cell0233.png,1.0
images/cell2376.png,0.0
images/cell0268.png,1.0
images/cell1693.png,0.0
images/cell2575.png,1.0
images/cell0839.png,0.0
images/cell2607.png,1.0
images/cell2561.png,0.0
images/cell0601.png,1.0
images/cell1949.png,0.0
images/cell1259.png,1.0
images/cell1063.png,0.0
images/cell0071.png,0.0
images/cell1044.png,1.0
images/cell1463.png,0.0
images/cell1728.png,1.0
images/cell1471.png,0.0
images/cell0585.png,0.0
images/cell0637.png,0.0
images/cell1830.png,0.0
images/cell0539.png,1.0
images/cell1574.png,0.0
images/cell0523.png,1.0
images/cell2612.png,1.0
images/cell0336.png,0.0
images/cell2048.png,0.0
images/cell1999.png,0.0
images/cell1135.png,0.0
images/cell2224.png,0.0
images/cell0987.png,1.0
images/cell2415.png,0.0
images/cell0131.png,0.0
images/cell1184.png,0.0
images/cell0307.png,1.0
images/cell1076.png,0.0
images/cell0457.png,1.0
images/cell1833.png,0.0
images/cell1043.png,1.0
images/cell1729.png,1.0
images/cell0631.png,1.0
images/cell2377.png,0.0
images/cell1089.png,0.0
images/cell0505.png,1.0
images/cell1171.png,0.0
images/cell1424.png,1.0
images/cell0757.png,1.0
images/cell0096.png,0.0
images/cell2083.png,1.0
images/cell2196.png,1.0
images/cell1562.png,0.0
images/cell1984.png,0.0
images/cell1195.png,1.0
images/cell2617.png,1.0
images/cell1207.png,0.0
images/cell1628.png,1.0
images/cell0076.png,1.0
images/cell2193.png,0.0
images/cell1614.png,0.0
images/cell1846.png,0.0
images/cell1758.png,0.0
images/cell2045.png,0.0
images/cell1682.png,0.0
images/cell1583.png,0.0
images/cell2315.png,0.0
images/cell1623.png,1.0
images/cell0026.png,1.0
images/cell0160.png,1.0
images/cell1575.png,0.0
images/cell2181.png,1.0
images/cell0222.png,1.0
images/cell2050.png,0.0
images/cell2442.png,0.0
images/cell0524.png,1.0
images/cell1220.png,1.0
images/cell0655.png,0.0
images/cell2604.png,1.0
images/cell1837.png,1.0
images/cell1215.png,0.0
images/cell1897.png,1.0
images/cell1849.png,1.0
images/cell1048.png,1.0
images/cell0654.png,1.0
images/cell2348.png,0.0
images/cell2302.png,0.0
images/cell0276.png,0.0
images/cell0537.png,1.0
images/cell1248.png,0.0
images/cell0504.png,0.0
images/cell0643.png,1.0
images/cell0328.png,0.0
images/cell0579.png,1.0
images/cell1928.png,1.0
images/cell0214.png,1.0
images/cell2602.png,0.0
images/cell0709.png,0.0
images/cell1369.png,1.0
images/cell1924.png,0.0
images/cell2588.png,1.0
images/cell0367.png,1.0
images/cell1075.png,1.0
images/cell1940.png,0.0
images/cell2266.png,0.0
images/cell0216.png,1.0
images/cell2269.png,0.0
images/cell2469.png,0.0
images/cell2179.png,0.0
images/cell2580.png,0.0
images/cell2320.png,0.0
images/cell0103.png,0.0
images/cell1508.png,0.0
images/cell1251.png,0.0
images/cell1759.png,0.0
images/cell1476.png,1.0
images/cell0343.png,0.0
images/cell2555.png,1.0
images/cell1029.png,0.0
images/cell0669.png,1.0
images/cell0028.png,1.0
images/cell0080.png,0.0
images/cell1939.png,0.0
images/cell1357.png,0.0
images/cell2529.png,0.0
images/cell0387.png,1.0
images/cell0199.png,1.0
images/cell1269.png,0.0
images/cell1888.png,0.0
images/cell1565.png,0.0
images/cell2056.png,0.0
images/cell1405.png,1.0
images/cell1265.png,0.0
images/cell0132.png,0.0
images/cell2150.png,0.0
images/cell1205.png,0.0
images/cell2022.png,1.0
images/cell1480.png,0.0
images/cell2097.png,0.0
images/cell1412.png,1.0
images/cell1951.png,0.0
images/cell2480.png,0.0
images/cell0892.png,1.0
images/cell0259.png,0.0
images/cell0525.png,1.0
images/cell1665.png,1.0
images/cell0970.png,1.0
images/cell2571.png,1.0
images/cell0604.png,1.0
images/cell1934.png,0.0
images/cell1842.png,1.0
images/cell0719.png,0.0
images/cell1243.png,1.0
images/cell0589.png,0.0
images/cell1677.png,0.0
images/cell0584.png,0.0
images/cell2349.png,0.0
images/cell0277.png,1.0
images/cell0896.png,1.0
images/cell0706.png,1.0
images/cell0781.png,1.0
images/cell2133.png,0.0
images/cell1514.png,0.0
images/cell0459.png,1.0
images/cell2568.png,1.0
images/cell2286.png,0.0
images/cell1918.png,0.0
images/cell1009.png,0.0
images/cell0079.png,0.0
images/cell0984.png,0.0
images/cell2328.png,1.0
images/cell1979.png,0.0
images/cell0929.png,0.0
images/cell2064.png,0.0
images/cell0113.png,0.0
images/cell0087.png,1.0
images/cell2144.png,1.0
images/cell2409.png,0.0
images/cell2069.png,0.0
images/cell2369.png,1.0
images/cell1753.png,0.0
images/cell0121.png,0.0
images/cell0393.png,1.0
images/cell2425.png,0.0
images/cell2080.png,0.0
images/cell2357.png,0.0
images/cell1001.png,0.0
images/cell1325.png,1.0
images/cell0253.png,1.0
images/cell0665.png,0.0
images/cell0513.png,1.0
images/cell2003.png,0.0
images/cell1660.png,0.0
images/cell2290.png,1.0
images/cell1373.png,1.0
images/cell0841.png,1.0
images/cell1718.png,0.0
images/cell2454.png,0.0
images/cell1521.png,0.0
images/cell1254.png,0.0
images/cell1889.png,0.0
images/cell2140.png,0.0
images/cell0553.png,0.0
images/cell2447.png,0.0
images/cell0829.png,0.0
images/cell1500.png,0.0
images/cell0704.png,0.0
images/cell2599.png,1.0
images/cell0738.png,1.0
images/cell2399.png,0.0
images/cell2284.png,0.0
images/cell1867.png,0.0
images/cell0561.png,0.0
images/cell0425.png,0.0
images/cell2018.png,1.0
images/cell0210.png,1.0
images/cell1426.png,1.0
images/cell1214.png,0.0
images/cell0996.png,1.0
images/cell2543.png,0.0
images/cell1494.png,1.0
images/cell0915.png,1.0
images/cell1834.png,0.0
images/cell2383.png,0.0
images/cell1333.png,1.0
images/cell2557.png,0.0
images/cell0805.png,0.0
images/cell0224.png,1.0
images/cell1907.png,1.0
images/cell0029.png,1.0
images/cell0977.png,0.0
images/cell0378.png,1.0
images/cell0138.png,0.0
images/cell2465.png,0.0
images/cell1161.png,1.0
images/cell0261.png,1.0
images/cell2180.png,0.0
images/cell0983.png,0.0
images/cell1140.png,0.0
images/cell0369.png,0.0
images/cell0621.png,0.0
images/cell1904.png,1.0
images/cell2089.png,1.0
images/cell1088.png,1.0
images/cell1466.png,1.0
images/cell1334.png,1.0
images/cell0082.png,0.0
images/cell0281.png,1.0
images/cell2156.png,0.0
images/cell1375.png,0.0
images/cell0981.png,0.0
images/cell2136.png,1.0
images/cell0399.png,1.0
images/cell0045.png,1.0
images/cell1010.png,0.0
images/cell0913.png,0.0
images/cell2159.png,0.0
images/cell0935.png,0.0
images/cell1714.png,1.0
images/cell1798.png,0.0
images/cell1637.png,1.0
images/cell0807.png,1.0
images/cell1650.png,1.0
images/cell1090.png,1.0
images/cell2534.png,0.0
images/cell0398.png,1.0
images/cell0256.png,1.0
images/cell2364.png,0.0
images/cell0034.png,1.0
images/cell0741.png,1.0
images/cell1376.png,1.0
images/cell1776.png,0.0
images/cell1181.png,0.0
images/cell1652.png,1.0
images/cell1094.png,0.0
images/cell1649.png,1.0
images/cell0822.png,0.0
images/cell2386.png,1.0
images/cell1788.png,0.0
images/cell2004.png,0.0
images/cell2108.png,0.0
images/cell0177.png,1.0
images/cell0429.png,1.0
images/cell2062.png,1.0
images/cell1947.png,0.0
images/cell2123.png,0.0
images/cell0611.png,1.0
images/cell0143.png,1.0
images/cell0617.png,1.0
images/cell2153.png,0.0
images/cell1593.png,0.0
images/cell0964.png,0.0
images/cell0280.png,1.0
images/cell1642.png,0.0
images/cell0249.png,1.0
images/cell2374.png,0.0
images/cell1410.png,0.0
images/cell0600.png,0.0
images/cell0689.png,1.0
images/cell1025.png,1.0
images/cell2117.png,0.0
images/cell0432.png,1.0
images/cell0693.png,1.0
images/cell0880.png,1.0
images/cell2331.png,1.0
images/cell0785.png,0.0
images/cell1031.png,0.0
images/cell0248.png,1.0
images/cell0507.png,1.0
images/cell1146.png,1.0
images/cell0559.png,0.0
images/cell2084.png,1.0
images/cell0496.png,1.0
images/cell2468.png,0.0
images/cell0482.png,1.0
images/cell0263.png,1.0
images/cell2455.png,0.0
images/cell1170.png,0.0
images/cell1916.png,0.0
images/cell0206.png,1.0
images/cell1550.png,0.0
images/cell1566.png,0.0
images/cell1894.png,0.0
images/cell2569.png,0.0
images/cell0614.png,1.0
images/cell1008.png,1.0
images/cell1634.png,1.0
images/cell1648.png,1.0
images/cell1274.png,0.0
images/cell2076.png,1.0
images/cell2005.png,0.0
images/cell2559.png,0.0
images/cell0203.png,1.0
images/cell2503.png,0.0
images/cell1112.png,0.0
images/cell1071.png,1.0
images/cell0271.png,1.0
images/cell1571.png,0.0
images/cell2029.png,0.0
images/cell0881.png,1.0
images/cell0025.png,1.0
images/cell2401.png,0.0
images/cell1938.png,0.0
images/cell1078.png,0.0
images/cell1720.png,0.0
images/cell1621.png,1.0
images/cell1125.png,1.0
images/cell2043.png,0.0
images/cell2008.png,0.0
images/cell1408.png,1.0
images/cell2148.png,0.0
images/cell0824.png,0.0
images/cell0502.png,1.0
images/cell1801.png,1.0
images/cell0746.png,0.0
images/cell2392.png,1.0
images/cell1639.png,1.0
images/cell0354.png,0.0
images/cell1304.png,1.0
images/cell0562.png,1.0
images/cell1819.png,1.0
images/cell1155.png,0.0
images/cell0172.png,0.0
images/cell1231.png,0.0
images/cell0543.png,0.0
images/cell1734.png,0.0
images/cell0607.png,1.0
images/cell0198.png,1.0
images/cell2600.png,1.0
images/cell0229.png,1.0
images/cell2065.png,0.0
images/cell1092.png,0.0
images/cell0894.png,1.0
images/cell0452.png,1.0
images/cell1509.png,0.0
images/cell2521.png,0.0
images/cell0165.png,1.0
images/cell1457.png,1.0
images/cell0350.png,0.0
images/cell0508.png,0.0
images/cell0126.png,0.0
images/cell0885.png,1.0
images/cell0618.png,1.0
images/cell0773.png,1.0
images/cell2338.png,0.0
images/cell0187.png,1.0
images/cell0289.png,1.0
images/cell1109.png,1.0
images/cell2267.png,0.0
images/cell0890.png,1.0
images/cell0074.png,0.0
images/cell1208.png,0.0
images/cell0573.png,0.0
images/cell2296.png,0.0
images/cell1057.png,0.0
images/cell2407.png,0.0
images/cell1438.png,0.0
images/cell0750.png,0.0
images/cell2618.png,1.0
images/cell0945.png,0.0
images/cell1691.png,0.0
images/cell2436.png,0.0
images/cell1526.png,0.0
images/cell2099.png,0.0
images/cell2304.png,0.0
images/cell1052.png,0.0
images/cell0257.png,1.0
images/cell0302.png,0.0
images/cell1555.png,0.0
images/cell2059.png,0.0
images/cell2466.png,0.0
images/cell0130.png,0.0
images/cell1541.png,0.0
images/cell1681.png,0.0
images/cell2225.png,0.0
images/cell1464.png,0.0
images/cell0178.png,1.0
images/cell0106.png,0.0
images/cell1432.png,1.0
images/cell1132.png,1.0
images/cell1976.png,1.0
images/cell2552.png,0.0
images/cell0671.png,1.0
images/cell0490.png,1.0
images/cell0526.png,0.0
images/cell0934.png,0.0
images/cell2260.png,0.0
images/cell0536.png,1.0
images/cell1579.png,0.0
images/cell1519.png,0.0
images/cell0830.png,0.0
images/cell1395.png,1.0
images/cell1687.png,0.0
images/cell0923.png,0.0
images/cell1559.png,0.0
images/cell0124.png,1.0
images/cell0674.png,1.0
images/cell1131.png,0.0
images/cell0058.png,1.0
images/cell0861.png,1.0
images/cell0054.png,1.0
images/cell1848.png,0.0
images/cell1964.png,1.0
images/cell0577.png,1.0
images/cell1997.png,0.0
images/cell1180.png,0.0
images/cell1855.png,0.0
images/cell0142.png,0.0
images/cell0886.png,1.0
images/cell1977.png,0.0
images/cell1186.png,0.0
images/cell1578.png,0.0
images/cell2078.png,0.0
images/cell2274.png,0.0
images/cell2077.png,1.0
images/cell0683.png,1.0
images/cell0874.png,1.0
images/cell1710.png,0.0
images/cell0088.png,0.0
images/cell0021.png,1.0
images/cell1067.png,0.0
images/cell1046.png,1.0
images/cell0958.png,1.0
images/cell1861.png,0.0
images/cell0778.png,0.0
images/cell0787.png,1.0
images/cell1488.png,0.0
images/cell1004.png,0.0
images/cell1303.png,1.0
images/cell1708.png,0.0
images/cell2182.png,0.0
images/cell1490.png,0.0
images/cell2061.png,1.0
images/cell0296.png,1.0
images/cell1711.png,0.0
images/cell1960.png,0.0
images/cell0869.png,1.0
images/cell2287.png,0.0
images/cell2532.png,0.0
images/cell1504.png,0.0
images/cell0174.png,0.0
images/cell1222.png,1.0
images/cell1481.png,0.0
images/cell0754.png,0.0
images/cell0797.png,1.0
images/cell1081.png,0.0
images/cell2573.png,1.0
images/cell0962.png,0.0
images/cell0445.png,0.0
images/cell1182.png,1.0
images/cell2216.png,0.0
images/cell0800.png,1.0
images/cell0752.png,0.0
images/cell1360.png,0.0
images/cell0254.png,1.0
images/cell2233.png,0.0
images/cell1111.png,0.0
images/cell0705.png,0.0
images/cell1035.png,0.0
images/cell0744.png,1.0
images/cell0500.png,0.0
images/cell2518.png,0.0
images/cell0627.png,1.0
images/cell1602.png,0.0
images/cell1473.png,0.0
images/cell1338.png,0.0
images/cell0176.png,1.0
images/cell1725.png,0.0
images/cell2611.png,0.0
images/cell0780.png,0.0
images/cell2000.png,0.0
images/cell1974.png,0.0
images/cell1233.png,0.0
images/cell1484.png,0.0
images/cell2370.png,0.0
images/cell1192.png,0.0
images/cell1534.png,0.0
images/cell0424.png,1.0
images/cell2414.png,1.0
images/cell0844.png,0.0
images/cell1874.png,0.0
images/cell1267.png,1.0
images/cell2470.png,0.0
images/cell0123.png,0.0
images/cell2103.png,0.0
images/cell0353.png,0.0
images/cell0140.png,0.0
images/cell1196.png,1.0
images/cell0966.png,0.0
images/cell1712.png,0.0
images/cell2350.png,1.0
images/cell0879.png,1.0
images/cell0491.png,1.0
images/cell1366.png,1.0
images/cell1002.png,0.0
images/cell0678.png,1.0
images/cell2194.png,0.0
images/cell0141.png,1.0
images/cell0581.png,0.0
images/cell1000.png,0.0
images/cell1631.png,1.0
images/cell0064.png,0.0
images/cell0565.png,0.0
images/cell1501.png,0.0
images/cell0312.png,1.0
images/cell1563.png,0.0
images/cell0458.png,1.0
images/cell0895.png,1.0
images/cell1474.png,0.0
images/cell1797.png,0.0
images/cell2206.png,0.0
images/cell0040.png,1.0
images/cell0220.png,1.0
images/cell0914.png,0.0
images/cell1246.png,0.0
images/cell1884.png,0.0
images/cell1385.png,0.0
images/cell0813.png,0.0
images/cell0004.png,0.0
images/cell1318.png,0.0
images/cell0578.png,1.0
images/cell1328.png,1.0
images/cell2619.png,0.0
images/cell1941.png,1.0
images/cell1042.png,1.0
images/cell2042.png,1.0
images/cell2332.png,1.0
images/cell2336.png,1.0
images/cell0619.png,0.0
images/cell2300.png,0.0
images/cell1230.png,0.0
images/cell2081.png,1.0
images/cell2345.png,0.0
images/cell1308.png,1.0
images/cell1871.png,0.0
images/cell0043.png,1.0
images/cell2567.png,1.0
images/cell2577.png,1.0
images/cell2025.png,1.0
images/cell1447.png,0.0
images/cell1199.png,0.0
images/cell0860.png,1.0
images/cell0949.png,0.0
images/cell2406.png,0.0
images/cell1019.png,0.0
images/cell0063.png,0.0
images/cell0939.png,0.0
images/cell1709.png,0.0
images/cell1755.png,0.0
images/cell1430.png,1.0
images/cell0692.png,0.0
images/cell0635.png,0.0
images/cell2297.png,0.0
images/cell1083.png,0.0
images/cell2579.png,1.0
images/cell0061.png,0.0
images/cell2481.png,0.0
images/cell0376.png,1.0
images/cell2199.png,0.0
images/cell1735.png,0.0
images/cell0680.png,1.0
images/cell2497.png,0.0
images/cell1294.png,0.0
images/cell1059.png,1.0
images/cell2355.png,0.0
images/cell0455.png,1.0
images/cell0865.png,1.0
images/cell0819.png,0.0
images/cell2449.png,0.0
images/cell0594.png,0.0
images/cell2223.png,0.0
images/cell0938.png,0.0
images/cell0412.png,1.0
images/cell1805.png,0.0
images/cell0624.png,0.0
images/cell2372.png,0.0
images/cell2232.png,0.0
images/cell2213.png,0.0
images/cell1995.png,0.0
images/cell0035.png,1.0
images/cell0284.png,1.0
images/cell0517.png,1.0
images/cell1332.png,1.0
images/cell1635.png,1.0
images/cell2422.png,0.0
images/cell0764.png,0.0
images/cell1388.png,1.0
images/cell0823.png,0.0
images/cell1651.png,1.0
images/cell1757.png,0.0
images/cell0411.png,1.0
images/cell2095.png,0.0
images/cell1406.png,1.0
images/cell1080.png,1.0
images/cell0008.png,1.0
images/cell0591.png,0.0
images/cell1792.png,0.0
images/cell2067.png,0.0
images/cell2456.png,1.0
images/cell0475.png,1.0
images/cell2540.png,0.0
images/cell0204.png,1.0
images/cell0628.png,1.0
images/cell0241.png,1.0
images/cell2146.png,0.0
images/cell1032.png,1.0
images/cell1413.png,1.0
images/cell0128.png,0.0
images/cell2381.png,0.0
images/cell2463.png,0.0
images/cell1773.png,0.0
images/cell2258.png,0.0
images/cell1657.png,1.0
images/cell2039.png,1.0
images/cell1744.png,0.0
images/cell0582.png,0.0
images/cell0827.png,0.0
images/cell2139.png,0.0
images/cell0808.png,0.0
images/cell2111.png,0.0
images/cell1905.png,1.0
images/cell2365.png,0.0
images/cell1847.png,1.0
images/cell2335.png,1.0
images/cell0501.png,1.0
images/cell0734.png,0.0
images/cell0419.png,1.0
images/cell0278.png,1.0
images/cell2564.png,0.0
images/cell1598.png,0.0
images/cell0202.png,1.0
images/cell2321.png,0.0
images/cell1607.png,0.0
images/cell2437.png,1.0
images/cell2339.png,0.0
images/cell0826.png,0.0
images/cell2421.png,0.0
images/cell1113.png,0.0
images/cell0629.png,1.0
images/cell1330.png,1.0
images/cell0843.png,1.0
images/cell1417.png,1.0
images/cell0012.png,1.0
images/cell0540.png,1.0
images/cell1040.png,0.0
images/cell0083.png,1.0
images/cell0909.png,0.0
images/cell2052.png,1.0
images/cell0707.png,1.0
images/cell0483.png,0.0
images/cell1542.png,0.0
images/cell0428.png,1.0
images/cell2613.png,0.0
images/cell0047.png,1.0
images/cell1093.png,0.0
images/cell2168.png,0.0
images/cell1812.png,1.0
images/cell0872.png,1.0
images/cell2419.png,0.0
images/cell0182.png,1.0
images/cell2530.png,0.0
images/cell0846.png,0.0
images/cell0998.png,1.0
images/cell1098.png,1.0
images/cell2173.png,1.0
images/cell0173.png,0.0
images/cell2231.png,0.0
images/cell1599.png,0.0
images/cell1802.png,0.0
images/cell1991.png,1.0
images/cell1436.png,0.0
images/cell1103.png,1.0
images/cell1929.png,0.0
images/cell1903.png,1.0
images/cell0406.png,1.0
images/cell1015.png,0.0
images/cell0319.png,1.0
images/cell1409.png,1.0
images/cell1458.png,0.0
images/cell1465.png,0.0
images/cell1552.png,0.0
images/cell0170.png,0.0
images/cell2417.png,1.0
images/cell1247.png,0.0
images/cell2013.png,1.0
images/cell2160.png,0.0
images/cell1335.png,0.0
images/cell2130.png,1.0
images/cell1353.png,0.0
images/cell0382.png,1.0
images/cell1850.png,0.0
images/cell0959.png,0.0
images/cell1768.png,1.0
images/cell2333.png,1.0
images/cell2268.png,1.0
images/cell0499.png,1.0
images/cell1961.png,1.0
images/cell1277.png,0.0
images/cell2608.png,0.0
images/cell0395.png,1.0
images/cell1672.png,1.0
images/cell1690.png,0.0
images/cell0414.png,1.0
images/cell0798.png,1.0
images/cell0217.png,1.0
images/cell0564.png,1.0
images/cell1688.png,0.0
images/cell0273.png,0.0
